model,threshold,precision,recall,f1,roc_auc,pr_auc
random_forest_depth_None,0.25000000000000006,1.0,1.0,1.0,1.0,1.0
random_forest_depth_15,0.25000000000000006,1.0,1.0,1.0,1.0,1.0
catboost_depth_5_lr_0.05,0.060000000000000005,0.9997996393508315,0.9972022382094324,0.9984992496248124,0.999992968739205,0.9998451740618222
catboost_depth_5_lr_0.1,0.1,0.9997996393508315,0.9972022382094324,0.9984992496248124,0.9999931795410275,0.9998497650437845
catboost_depth_7_lr_0.1,0.05,0.9995993589743589,0.9972022382094324,0.9983993597438976,0.999992363533972,0.9998337815221162
hist_gradient_boosting_lr_0.05_leaf_15,0.12000000000000001,1.0,0.9966027178257394,0.9982984686217596,0.9999929755392638,0.9998437500977712
hist_gradient_boosting_lr_0.05_leaf_31,0.12000000000000001,1.0,0.9966027178257394,0.9982984686217596,0.9999923533338838,0.9998327545606408
xgboost_depth_6_lr_0.1,0.21000000000000002,1.0,0.9966027178257394,0.9982984686217596,0.9999931846410717,0.9998507392836952
catboost_depth_7_lr_0.05,0.13,1.0,0.9966027178257394,0.9982984686217596,0.9999922207327374,0.9998294302959504
xgboost_depth_4_lr_0.05,0.2,1.0,0.9966027178257394,0.9982984686217596,0.9999923159335604,0.9998327942258836
hist_gradient_boosting_lr_0.1_leaf_15,0.07,1.0,0.9966027178257394,0.9982984686217596,0.9999932288414539,0.9998493355279244
xgboost_depth_6_lr_0.05,0.21000000000000002,1.0,0.9966027178257394,0.9982984686217596,0.9999936725452904,0.9998602697464163
hist_gradient_boosting_lr_0.1_leaf_31,0.23000000000000004,1.0,0.9966027178257394,0.9982984686217596,0.9999930384398076,0.9998468002920883
xgboost_depth_4_lr_0.1,0.12000000000000001,1.0,0.9966027178257394,0.9982984686217596,0.9999927953377057,0.9998424316309731
lightgbm_leaves_31_lr_0.05,0.8700000000000002,1.0,0.9878097521982414,0.9938674977380114,0.9999875847926532,0.9997211534974182
lightgbm_leaves_15_lr_0.05,0.9100000000000003,1.0,0.9878097521982414,0.9938674977380114,0.9999851605716924,0.9996673563762022
lightgbm_leaves_15_lr_0.1,0.9400000000000002,0.9997977346278317,0.9878097521982414,0.9937675914756735,0.9999844210652983,0.9996528196612311
logistic_regression,0.8900000000000002,0.9902719872940242,0.996802557953637,0.9935265411811572,0.9999899529131289,0.9997616447361336
lightgbm_leaves_31_lr_0.1,0.5800000000000002,0.9991914291489792,0.9878097521982414,0.9934679931665159,0.9999860598794681,0.9996878666486166
mlp_64_32,0.7200000000000002,0.9709418837675351,0.9682254196642686,0.9695817490494296,0.9998307516366108,0.9962715857126769
mlp_128_64,0.33,0.9592396629433666,0.9782174260591526,0.9686355990897397,0.9998304932343767,0.9961687220574946
extra_trees_depth_None,0.37000000000000005,0.9549356223175965,0.9782174260591526,0.9664363277393879,0.9998248228353482,0.9960002384163551
extra_trees_depth_15,0.7400000000000002,0.9290540540540541,0.9342525979216627,0.9316460741331207,0.9992538856487969,0.9848160905006431
