model,mae,rmse,r2
catboost_depth_7_lr_0.1,0.1562876715376454,0.22323239975525935,0.9708352101552228
catboost_depth_5_lr_0.1,0.1712703765268612,0.23693586607026298,0.9671446567227457
lightgbm_leaves_31_lr_0.1,0.17621224287815596,0.24250507211618816,0.9655819668563299
lightgbm_leaves_15_lr_0.1,0.17852011528924328,0.24211385188258605,0.9656929267603716
hist_gradient_boosting_lr_0.1_leaf_31,0.17988186455288252,0.24680431397344882,0.964350791767858
catboost_depth_7_lr_0.05,0.180258178310679,0.250057745200929,0.9634047248393938
xgboost_depth_6_lr_0.1,0.183147406843825,0.2523199685623085,0.9627395891622532
xgboost_depth_4_lr_0.1,0.18457905387159274,0.24740508240695067,0.9641770266901081
lightgbm_leaves_31_lr_0.05,0.18948212954474178,0.25630794676344176,0.9615524616685927
hist_gradient_boosting_lr_0.1_leaf_15,0.19040916353988688,0.2526570126820617,0.9626399792100231
xgboost_depth_6_lr_0.05,0.19762120828850946,0.2695439379685411,0.957478993751115
hist_gradient_boosting_lr_0.05_leaf_31,0.20171421423101346,0.2698309496792028,0.9573883923872823
catboost_depth_5_lr_0.05,0.20344441418542436,0.27433046965848995,0.9559554183320149
lightgbm_leaves_15_lr_0.05,0.20414825626352184,0.2684641231577353,0.9578189965234857
extra_trees_depth_None,0.20879104059656312,0.28933799383360603,0.9510045977890665
extra_trees_depth_15,0.21571110598128174,0.29408112949721643,0.9493850618035624
xgboost_depth_4_lr_0.05,0.2180859882257567,0.28369526486600655,0.9528969998621273
hist_gradient_boosting_lr_0.05_leaf_15,0.22068179375830352,0.2868971061378924,0.9518277722772847
random_forest_depth_None,0.22979043358493104,0.31030349755636194,0.9436469097109519
random_forest_depth_15,0.23165766717899494,0.31194878972116136,0.9430477343770043
linear_regression,0.26412026146887563,0.34771050047377006,0.9292412735583984
