feature,coefficient,absolute_coefficient
etc,0.3153797232673658,0.3153797232673658
kc,-0.18229146158963574,0.18229146158963574
hour_sin,-0.1749692580578935,0.1749692580578935
etc_6h,-0.17259546249715715,0.17259546249715715
et0,0.13653387411740708,0.13653387411740708
forecast_et0_24h_mm,0.13518932224142813,0.13518932224142813
soil_moisture_lag_3h,-0.12839365137534275,0.12839365137534275
temperature_6h_mean,-0.11037494517237756,0.11037494517237756
forecast_et0_72h_mm,0.10726633972177699,0.10726633972177699
forecast_et0_mean_72h,0.07708719733735879,0.07708719733735879
forecast_temperature_24h_c,-0.07136643374015122,0.07136643374015122
forecast_radiation_24h_w_m2,-0.07014630649133553,0.07014630649133553
forecast_radiation_72h_w_m2,-0.05107072671554791,0.05107072671554791
soil_moisture_lag_1h,-0.04815864356474921,0.04815864356474921
day_of_year_cos,-0.046529304499363815,0.046529304499363815
forecast_humidity_72h_percent,0.041859123330458346,0.041859123330458346
radiation_6h_sum,-0.04006168826106983,0.04006168826106983
forecast_temperature_mean_72h,-0.03781294089334686,0.03781294089334686
forecast_et0_48h_mm,-0.03678746718049312,0.03678746718049312
soil_moisture_lag_6h,-0.03644862250910589,0.03644862250910589
forecast_radiation_mean_72h,-0.03612020464634752,0.03612020464634752
forecast_humidity_48h_percent,-0.030529489804698762,0.030529489804698762
etc_24h,0.029879817763144467,0.029879817763144467
rain_24h,-0.026878649273633346,0.026878649273633346
forecast_radiation_48h_w_m2,0.025763303996743224,0.025763303996743224
forecast_temperature_72h_c,-0.021950778999355346,0.021950778999355346
rain_6h,-0.02115546324256252,0.02115546324256252
forecast_humidity_24h_percent,0.017564205354595065,0.017564205354595065
forecast_precipitation_72h_mm,-0.014490722451406752,0.014490722451406752
day_of_year_sin,0.014434411178903877,0.014434411178903877
forecast_temperature_48h_c,-0.012545799529677768,0.012545799529677768
forecast_humidity_mean_72h,0.01156786681485671,0.01156786681485671
forecast_wind_24h_m_s,-0.010536583536528747,0.010536583536528747
forecast_precipitation_48h_mm,0.009124174076206915,0.009124174076206915
hour_cos,-0.007104938901820753,0.007104938901820753
forecast_wind_72h_m_s,0.006912937090294535,0.006912937090294535
forecast_rain_total_72h,-0.006169939270757449,0.006169939270757449
soil_moisture_percent,0.0049956790715932065,0.0049956790715932065
forecast_wind_48h_m_s,-0.003416922537750838,0.003416922537750838
forecast_wind_mean_72h,-0.003009347590145423,0.003009347590145423
forecast_precipitation_24h_mm,0.0010696358142697159,0.0010696358142697159
