feature,importance
numeric__solar_radiation_kwh_m2,0.13494059590640273
numeric__etc,0.11612684896857872
numeric__soil_moisture_percent,0.11512205649153352
numeric__hour_cos,0.09922272995285007
numeric__air_humidity_percent,0.09755043421632674
numeric__soil_moisture_lag_1h,0.08542665850512168
numeric__soil_moisture_lag_3h,0.05878003134476751
numeric__temperature_c,0.050822986880903365
numeric__radiation_6h_sum,0.0495011974100467
numeric__hour_sin,0.044279484443556644
numeric__soil_moisture_lag_6h,0.03944297686787457
numeric__etc_6h,0.026651061547016075
numeric__temperature_6h_mean,0.010871804892815655
numeric__rain_24h,0.009082775985484912
numeric__kc,0.008369496947724799
categorical__crop_stage_mid,0.0071253070755930015
numeric__et0,0.006922157887042396
numeric__rain_6h,0.006278362908366844
categorical__crop_stage_initial,0.006157372372974446
numeric__etc_24h,0.0052851467836927965
numeric__day_of_year_cos,0.004632626285114009
numeric__precipitation_mm,0.004416588247046049
numeric__wind_speed_m_s,0.0040395516680435985
numeric__day_of_year_sin,0.0036120861627025216
categorical__crop_stage_development,0.0029588624286146685
categorical__crop_stage_late,0.0023807978198060655
