stage,metric,value
classifier,accuracy,0.98162100456621
classifier,precision,0.5893719806763285
classifier,recall,0.6161616161616161
classifier,f1,0.6024691358024692
classifier,roc_auc,0.9874704767837214
event_regressor,mae,1.2508644929596378
event_regressor,rmse,1.7116415857704919
event_regressor,r2,-0.08492038939714686
end_to_end,overall_mae,0.11486890773256986
end_to_end,overall_rmse,0.7769221312883019
end_to_end,overall_r2,0.2011072787586392
end_to_end,event_mae,2.701779748242816
end_to_end,event_rmse,3.642818282199509
end_to_end,event_r2,-3.9141366298878513
end_to_end,precision,0.5893719806763285
end_to_end,recall,0.6161616161616161
end_to_end,f1,0.6024691358024692
end_to_end,roc_auc,0.9874704767837214
water,actual_total_water_mm,1110.17455662582
water,predicted_total_water_mm,1153.7997985211537
water,water_bias_mm,43.6252418953336
water,false_positives,85.0
water,false_negatives,76.0
