analysis_hour,registros,eventos_reais,eventos_previstos,falsos_positivos,falsos_negativos
0,5110,0,0,0,0
1,5110,0,0,0,0
2,5110,0,0,0,0
3,5110,0,0,0,0
4,5110,0,0,0,0
5,5110,0,0,0,0
6,5110,0,0,0,0
7,5110,3,4,2,1
8,5110,141,153,42,30
9,5110,539,552,96,83
10,5110,875,905,120,90
11,5110,740,791,124,73
12,5110,607,613,96,90
13,5110,361,346,71,86
14,5110,137,120,37,54
15,5110,30,6,2,26
16,5110,0,0,0,0
17,5110,0,0,0,0
18,5110,0,0,0,0
19,5110,0,0,0,0
20,5110,0,0,0,0
21,5110,0,0,0,0
22,5110,0,0,0,0
23,5110,0,0,0,0
