etc_range,records,events,mean_irrigation_mm,event_rate_percent
0,0,0,,
0–0.05,341880,2,2.3973732057085553e-05,0.000585000585000585
0.05–0.10,2064,0,0.0,0.0
0.10–0.20,54480,35,0.003302231279479381,0.06424375917767988
0.20–0.30,43296,234,0.02848366204164662,0.5404656319290465
0.30–0.40,60120,1266,0.11400305983338567,2.105788423153693
0.40–0.50,71136,3146,0.2489185087544567,4.422514619883041
0.50–0.60,42936,3751,0.4338407017423741,8.736258617477176
0.60–0.70,14988,2404,0.8106932400967701,16.03949826527889
>0.70,324,37,0.6867248066471606,11.419753086419753
