moisture_range,records,events,mean_irrigation_mm,mean_event_mm,event_rate_percent
<40,5701,812,1.1394492194351868,8.0,14.243115242939835
40–42,8802,677,0.6153147012042718,8.0,7.6914337650533975
42–44,12147,619,0.4062019314952714,7.971138710618838,5.095908454762492
44–46,15389,525,0.23801128352557985,6.976677413666949,3.411527714601339
46–48,25148,1367,0.25811555085953397,4.748419804693168,5.435819945920152
48–50,45997,3130,0.30151204169118856,4.430878396699552,6.804791616844577
50–52,75302,2830,0.162655029147237,4.328003181924114,3.75820031340469
52–54,91834,876,0.04033658664353651,4.228618833130745,0.9538950715421303
54–56,81272,39,0.001989196228104704,4.145280919244243,0.04798700659513732
56–58,54705,0,0.0,0.0,0.0
58–60,30153,0,0.0,0.0,0.0
60–65,36760,0,0.0,0.0,0.0
65–70,28287,0,0.0,0.0,0.0
70–80,42608,0,0.0,0.0,0.0
80–100,71279,0,0.0,0.0,0.0
>100,5840,0,0.0,0.0,0.0
